"","","","","","","","","","","","","","29261-15557:Andre Drummond","29261-15557","C","Andre","Andre Drummond","Drummond","50","1","10400","DET@CHI","DET","CHI","","","","",""
"","","","","","","","","","","","","","29261-20848:Damian Lillard","29261-20848","PG","Damian","Damian Lillard","Lillard","44.20000076293945","1","10000","SA@POR","POR","SA","","","","",""
"","","","","","","","","","","","","","29261-58462:Karl-Anthony Towns","29261-58462","C","Karl-Anthony","Karl-Anthony Towns","Towns","27.049999237060547","2","9900","MIN@DAL","MIN","DAL","","","","",""
"","","","","","","","","","","","","","29261-55062:Nikola Jokic","29261-55062","C","Nikola","Nikola Jokic","Jokic","45.099998474121094","1","9800","PHO@DEN","DEN","PHO","","","","",""
"","","","","","","","","","","","","","29261-12332:John Wall","29261-12332","PG","John","John Wall","Wall","55.099998474121094","1","9700","TOR@WAS","WAS","TOR","","","","",""
"","","","","","","","","","","","","","29261-14528:Jimmy Butler","29261-14528","SG","Jimmy","Jimmy Butler","Butler","55.900001525878906","2","9600","MIN@DAL","MIN","DAL","O","Rest","","",""
"","","","","","","","","","","","","","29261-14513:Kawhi Leonard","29261-14513","SF","Kawhi","Kawhi Leonard","Leonard","43.45000076293945","2","9300","TOR@WAS","TOR","WAS","O","Rest","","",""
"","","","","","","","","","","","","","29261-9688:LaMarcus Aldridge","29261-9688","PF","LaMarcus","LaMarcus Aldridge","Aldridge","56.79999923706055","1","9100","SA@POR","SA","POR","","","","",""
"","","","","","","","","","","","","","29261-14507:Kemba Walker","29261-14507","PG","Kemba","Kemba Walker","Walker","44.150001525878906","2","8900","CHA@MIA","CHA","MIA","","","","",""
"","","","","","","","","","","","","","29261-9623:Chris Paul","29261-9623","PG","Chris","Chris Paul","Paul","39","1","8800","HOU@LAL","HOU","LAL","","","","",""
"","","","","","","","","","","","","","29261-58460:Devin Booker","29261-58460","SG","Devin","Devin Booker","Booker","47.29999923706055","1","8700","PHO@DEN","PHO","DEN","","","","",""
"","","","","","","","","","","","","","29261-41594:Aaron Gordon","29261-41594","PF","Aaron","Aaron Gordon","Gordon","36.599998474121094","2","8500","ORL@PHI","ORL","PHI","","","","",""
"","","","","","","","","","","","","","29261-9560:Blake Griffin","29261-9560","PF","Blake","Blake Griffin","Griffin","43.599998474121094","1","8400","DET@CHI","DET","CHI","","","","",""
"","","","","","","","","","","","","","29261-15684:Victor Oladipo","29261-15684","SG","Victor","Victor Oladipo","Oladipo","30","2","8300","BKN@IND","IND","BKN","","","","",""
"","","","","","","","","","","","","","29261-9535:Kyle Lowry","29261-9535","PG","Kyle","Kyle Lowry","Lowry","37.20000076293945","2","8200","TOR@WAS","TOR","WAS","","","","",""
"","","","","","","","","","","","","","29261-9714:DeMar DeRozan","29261-9714","SG","DeMar","DeMar DeRozan","DeRozan","35.79999923706055","1","8100","SA@POR","SA","POR","","","","",""
"","","","","","","","","","","","","","29261-15595:Bradley Beal","29261-15595","SG","Bradley","Bradley Beal","Beal","26.200000762939453","1","8000","TOR@WAS","WAS","TOR","","","","",""
"","","","","","","","","","","","","","29261-14514:Nikola Vucevic","29261-14514","C","Nikola","Nikola Vucevic","Vucevic","32.099998474121094","2","7900","ORL@PHI","ORL","PHI","","","","",""
"","","","","","","","","","","","","","29261-55057:Jusuf Nurkic","29261-55057","C","Jusuf","Jusuf Nurkic","Nurkic","30.799999237060547","1","7900","SA@POR","POR","SA","","","","",""
"","","","","","","","","","","","","","29261-12363:Hassan Whiteside","29261-12363","C","Hassan","Hassan Whiteside","Whiteside","31.799999237060547","2","7800","CHA@MIA","MIA","CHA","","","","",""
"","","","","","","","","","","","","","29261-14498:Kyrie Irving","29261-14498","PG","Kyrie","Kyrie Irving","Irving","28.049999237060547","2","7800","BOS@NY","BOS","NY","","","","",""
"","","","","","","","","","","","","","29261-84673:Deandre Ayton","29261-84673","C","Deandre","Deandre Ayton","Ayton","45","1","7700","PHO@DEN","PHO","DEN","GTD","Ankle","","",""
"","","","","","","","","","","","","","29261-14516:Enes Kanter","29261-14516","C","Enes","Enes Kanter","Kanter","42.849998474121094","2","7600","BOS@NY","NY","BOS","","","","",""
"","","","","","","","","","","","","","29261-9561:DeAndre Jordan","29261-9561","C","DeAndre","DeAndre Jordan","Jordan","32.900001525878906","1","7500","MIN@DAL","DAL","MIN","","","","",""
"","","","","","","","","","","","","","29261-23798:Caris LeVert","29261-23798","SG","Caris","Caris LeVert","LeVert","39.75","2","7400","BKN@IND","BKN","IND","","","","",""
"","","","","","","","","","","","","","29261-9729:Paul Millsap","29261-9729","PF","Paul","Paul Millsap","Millsap","34.20000076293945","1","7300","PHO@DEN","DEN","PHO","","","","",""
"","","","","","","","","","","","","","29261-15846:Tim Hardaway Jr.","29261-15846","SG","Tim","Tim Hardaway Jr.","Hardaway Jr.","45.04999923706055","2","7300","BOS@NY","NY","BOS","","","","",""
"","","","","","","","","","","","","","29261-9809:Nicolas Batum","29261-9809","SF","Nicolas","Nicolas Batum","Batum","30.799999237060547","2","7200","CHA@MIA","CHA","MIA","","","","",""
"","","","","","","","","","","","","","29261-12366:Gordon Hayward","29261-12366","SF","Gordon","Gordon Hayward","Hayward","27.700000762939453","2","7100","BOS@NY","BOS","NY","O","Rest","","",""
"","","","","","","","","","","","","","29261-19067:CJ McCollum","29261-19067","SG","CJ","CJ McCollum","McCollum","26.5","1","7100","SA@POR","POR","SA","","","","",""
"","","","","","","","","","","","","","29261-16233:Josh Richardson","29261-16233","SF","Josh","Josh Richardson","Richardson","39.400001525878906","2","7100","CHA@MIA","MIA","CHA","","","","",""
"","","","","","","","","","","","","","29261-9660:Dwight Howard","29261-9660","C","Dwight","Dwight Howard","Howard","37.62839385609568","81","7100","TOR@WAS","WAS","TOR","O","Back","","",""
"","","","","","","","","","","","","","29261-9446:Jeff Teague","29261-9446","PG","Jeff","Jeff Teague","Teague","30.149999618530273","2","7000","MIN@DAL","MIN","DAL","","","","",""
"","","","","","","","","","","","","","29261-23802:Kris Dunn","29261-23802","PG","Kris","Kris Dunn","Dunn","32.05471744177476","53","7000","DET@CHI","CHI","DET","O","Personal","","",""
"","","","","","","","","","","","","","29261-55059:Clint Capela","29261-55059","C","Clint","Clint Capela","Capela","21.100000381469727","1","7000","HOU@LAL","HOU","LAL","","","","",""
"","","","","","","","","","","","","","29261-17333:Will Barton","29261-17333","SF","Will","Will Barton","Barton","32","1","7000","PHO@DEN","DEN","PHO","","","","",""
"","","","","","","","","","","","","","29261-40783:Zach LaVine","29261-40783","SG","Zach","Zach LaVine","LaVine","44.5","1","6900","DET@CHI","CHI","DET","","","","",""
"","","","","","","","","","","","","","29261-49116:Andrew Wiggins","29261-49116","SF","Andrew","Andrew Wiggins","Wiggins","34.650001525878906","2","6900","MIN@DAL","MIN","DAL","","","","",""
"","","","","","","","","","","","","","29261-66048:Brandon Ingram","29261-66048","PF","Brandon","Brandon Ingram","Ingram","30.299999237060547","1","6800","HOU@LAL","LAL","HOU","","","","",""
"","","","","","","","","","","","","","29261-9453:Al Horford","29261-9453","C","Al","Al Horford","Horford","34.150001525878906","2","6800","BOS@NY","BOS","NY","","","","",""
"","","","","","","","","","","","","","29261-80821:Jarrett Allen","29261-80821","C","Jarrett","Jarrett Allen","Allen","38.599998474121094","2","6800","BKN@IND","BKN","IND","","","","",""
"","","","","","","","","","","","","","29261-20491:Robert Covington","29261-20491","SF","Robert","Robert Covington","Covington","29.100000381469727","2","6700","ORL@PHI","PHI","ORL","","","","",""
"","","","","","","","","","","","","","29261-42148:Rondae Hollis-Jefferson","29261-42148","PF","Rondae","Rondae Hollis-Jefferson","Hollis-Jefferson","28.901471306295957","68","6700","BKN@IND","BKN","IND","O","Personal","","",""
"","","","","","","","","","","","","","29261-80814:Dennis Smith Jr.","29261-80814","PG","Dennis","Dennis Smith Jr.","Smith Jr.","30.899999618530273","1","6700","MIN@DAL","DAL","MIN","","","","",""
"","","","","","","","","","","","","","29261-9673:Goran Dragic","29261-9673","PG","Goran","Goran Dragic","Dragic","33.5","2","6700","CHA@MIA","MIA","CHA","","","","",""
"","","","","","","","","","","","","","29261-9692:Tyreke Evans","29261-9692","SF","Tyreke","Tyreke Evans","Evans","27.399999618530273","2","6700","BKN@IND","IND","BKN","","","","",""
"","","","","","","","","","","","","","29261-23120:TJ Warren","29261-23120","SF","TJ","TJ Warren","Warren","22.700000762939453","1","6600","PHO@DEN","PHO","DEN","","","","",""
"","","","","","","","","","","","","","29261-15628:Otto Porter Jr.","29261-15628","SF","Otto","Otto Porter Jr.","Porter Jr.","40.20000076293945","1","6600","TOR@WAS","WAS","TOR","","","","",""
"","","","","","","","","","","","","","29261-80808:Jayson Tatum","29261-80808","PF","Jayson","Jayson Tatum","Tatum","35.54999923706055","2","6600","BOS@NY","BOS","NY","","","","",""
"","","","","","","","","","","","","","29261-58312:D'Angelo Russell","29261-58312","PG","D'Angelo","D'Angelo Russell","Russell","25.450000762939453","2","6600","BKN@IND","BKN","IND","","","","",""
"","","","","","","","","","","","","","29261-15946:Harrison Barnes","29261-15946","SF","Harrison","Harrison Barnes","Barnes","30.03376750202922","77","6500","MIN@DAL","DAL","MIN","O","Hamstring","","",""
"","","","","","","","","","","","","","29261-9538:Trevor Ariza","29261-9538","SF","Trevor","Trevor Ariza","Ariza","44.099998474121094","1","6400","PHO@DEN","PHO","DEN","","","","",""
"","","","","","","","","","","","","","29261-9577:Rudy Gay","29261-9577","SF","Rudy","Rudy Gay","Gay","28.399999618530273","1","6300","SA@POR","SA","POR","","","","",""
"","","","","","","","","","","","","","29261-58253:Myles Turner","29261-58253","C","Myles","Myles Turner","Turner","23.450000762939453","2","6300","BKN@IND","IND","BKN","","","","",""
"","","","","","","","","","","","","","29261-80806:Lonzo Ball","29261-80806","PG","Lonzo","Lonzo Ball","Ball","15.300000190734863","1","6300","HOU@LAL","LAL","HOU","","","","",""
"","","","","","","","","","","","","","29261-84669:Luka Doncic","29261-84669","SG","Luka","Luka Doncic","Doncic","21.600000381469727","1","6200","MIN@DAL","DAL","MIN","","","","",""
"","","","","","","","","","","","","","29261-24544:Gary Harris","29261-24544","SG","Gary","Gary Harris","Harris","26.600000381469727","1","6200","PHO@DEN","DEN","PHO","","","","",""
"","","","","","","","","","","","","","29261-42550:Jabari Parker","29261-42550","SF","Jabari","Jabari Parker","Parker","23.5","1","6100","DET@CHI","CHI","DET","","","","",""
"","","","","","","","","","","","","","29261-14523:Reggie Jackson","29261-14523","PG","Reggie","Reggie Jackson","Jackson","28.399999618530273","1","6100","DET@CHI","DET","CHI","","","","",""
"","","","","","","","","","","","","","29261-23096:Evan Fournier","29261-23096","SG","Evan","Evan Fournier","Fournier","19.899999618530273","2","6000","ORL@PHI","ORL","PHI","","","","",""
"","","","","","","","","","","","","","29261-66108:Jamal Murray","29261-66108","PG","Jamal","Jamal Murray","Murray","19.5","1","6000","PHO@DEN","DEN","PHO","","","","",""
"","","","","","","","","","","","","","29261-58377:Kyle Kuzma","29261-58377","PF","Kyle","Kyle Kuzma","Kuzma","23","1","5900","HOU@LAL","LAL","HOU","","","","",""
"","","","","","","","","","","","","","29261-14503:Jonas Valanciunas","29261-14503","C","Jonas","Jonas Valanciunas","Valanciunas","16.450000762939453","2","5900","TOR@WAS","TOR","WAS","","","","",""
"","","","","","","","","","","","","","29261-42156:Bobby Portis","29261-42156","PF","Bobby","Bobby Portis","Portis","42.20000076293945","1","5900","DET@CHI","CHI","DET","","","","",""
"","","","","","","","","","","","","","29261-80809:Josh Jackson","29261-80809","PF","Josh","Josh Jackson","Jackson","24.899999618530273","1","5900","PHO@DEN","PHO","DEN","","","","",""
"","","","","","","","","","","","","","29261-12337:Greg Monroe","29261-12337","C","Greg","Greg Monroe","Monroe","23.96078431372549","51","5800","TOR@WAS","TOR","WAS","","","","",""
"","","","","","","","","","","","","","29261-9966:James Johnson","29261-9966","PF","James","James Johnson","Johnson","25.446575008026542","73","5800","CHA@MIA","MIA","CHA","O","Abdomen","","",""
"","","","","","","","","","","","","","29261-59358:Domantas Sabonis","29261-59358","PF","Domantas","Domantas Sabonis","Sabonis","31.299999237060547","2","5800","BKN@IND","IND","BKN","O","Ankle","","",""
"","","","","","","","","","","","","","29261-15843:Trey Burke","29261-15843","PG","Trey","Trey Burke","Burke","22.799999237060547","2","5800","BOS@NY","NY","BOS","","","","",""
"","","","","","","","","","","","","","29261-9787:DeMarre Carroll","29261-9787","SF","DeMarre","DeMarre Carroll","Carroll","26.60684998394692","73","5700","BKN@IND","BKN","IND","O","Ankle","","",""
"","","","","","","","","","","","","","29261-9957:Serge Ibaka","29261-9957","PF","Serge","Serge Ibaka","Ibaka","32.54999923706055","2","5700","TOR@WAS","TOR","WAS","","","","",""
"","","","","","","","","","","","","","29261-55056:Dario Saric","29261-55056","PF","Dario","Dario Saric","Saric","20.600000381469727","2","5700","ORL@PHI","PHI","ORL","","","","",""
"","","","","","","","","","","","","","29261-9556:Eric Gordon","29261-9556","SG","Eric","Eric Gordon","Gordon","26.100000381469727","1","5700","HOU@LAL","HOU","LAL","","","","",""
"","","","","","","","","","","","","","29261-15542:Spencer Dinwiddie","29261-15542","PG","Spencer","Spencer Dinwiddie","Dinwiddie","27.200000762939453","2","5600","BKN@IND","BKN","IND","","","","",""
"","","","","","","","","","","","","","29261-80816:Malik Monk","29261-80816","SG","Malik","Malik Monk","Monk","24.5","2","5600","CHA@MIA","CHA","MIA","","","","",""
"","","","","","","","","","","","","","29261-80805:Markelle Fultz","29261-80805","SG","Markelle","Markelle Fultz","Fultz","20.450000762939453","2","5500","ORL@PHI","PHI","ORL","","","","",""
"","","","","","","","","","","","","","29261-12342:Al-Farouq Aminu","29261-12342","PF","Al-Farouq","Al-Farouq Aminu","Aminu","14.199999809265137","1","5400","SA@POR","POR","SA","","","","",""
"","","","","","","","","","","","","","29261-63123:Mario Hezonja","29261-63123","SF","Mario","Mario Hezonja","Hezonja","15.399999618530273","2","5400","BOS@NY","NY","BOS","","","","",""
"","","","","","","","","","","","","","29261-9570:Pau Gasol","29261-9570","C","Pau","Pau Gasol","Gasol","21.399999618530273","1","5300","SA@POR","SA","POR","","","","",""
"","","","","","","","","","","","","","29261-67026:Jaylen Brown","29261-67026","SG","Jaylen","Jaylen Brown","Brown","17.899999618530273","2","5300","BOS@NY","BOS","NY","","","","",""
"","","","","","","","","","","","","","29261-15501:Allen Crabbe","29261-15501","SG","Allen","Allen Crabbe","Crabbe","11.800000190734863","1","5200","BKN@IND","BKN","IND","","","","",""
"","","","","","","","","","","","","","29261-84676:Wendell Carter Jr.","29261-84676","PF","Wendell","Wendell Carter Jr.","Carter Jr.","18.100000381469727","1","5200","DET@CHI","CHI","DET","","","","",""
"","","","","","","","","","","","","","29261-14559:Isaiah Thomas","29261-14559","PG","Isaiah","Isaiah Thomas","Thomas","23.590625762939453","32","5200","PHO@DEN","DEN","PHO","O","Hip","","",""
"","","","","","","","","","","","","","29261-9655:JJ Redick","29261-9655","SG","JJ","JJ Redick","Redick","18.5","2","5200","ORL@PHI","PHI","ORL","","","","",""
"","","","","","","","","","","","","","29261-9666:Thaddeus Young","29261-9666","PF","Thaddeus","Thaddeus Young","Young","16.649999618530273","2","5200","BKN@IND","IND","BKN","","","","",""
"","","","","","","","","","","","","","29261-60021:Pascal Siakam","29261-60021","PF","Pascal","Pascal Siakam","Siakam","16.200000762939453","2","5100","TOR@WAS","TOR","WAS","","","","",""
"","","","","","","","","","","","","","29261-84675:Mohamed Bamba","29261-84675","C","Mohamed","Mohamed Bamba","Bamba","19.200000762939453","2","5100","ORL@PHI","ORL","PHI","","","","",""
"","","","","","","","","","","","","","29261-15559:Jeremy Lamb","29261-15559","SG","Jeremy","Jeremy Lamb","Lamb","20.399999618530273","2","5100","CHA@MIA","CHA","MIA","","","","",""
"","","","","","","","","","","","","","29261-9508:Carmelo Anthony","29261-9508","SF","Carmelo","Carmelo Anthony","Anthony","14.800000190734863","1","5100","HOU@LAL","HOU","LAL","","","","",""
"","","","","","","","","","","","","","29261-80813:Frank Ntilikina","29261-80813","PG","Frank","Frank Ntilikina","Ntilikina","24.350000381469727","2","5100","BOS@NY","NY","BOS","","","","",""
"","","","","","","","","","","","","","29261-22541:Kelly Olynyk","29261-22541","PF","Kelly","Kelly Olynyk","Olynyk","11.25","2","5000","CHA@MIA","MIA","CHA","","","","",""
"","","","","","","","","","","","","","29261-9758:Danny Green","29261-9758","SG","Danny","Danny Green","Green","29.25","2","5000","TOR@WAS","TOR","WAS","","","","",""
"","","","","","","","","","","","","","29261-14511:Markieff Morris","29261-14511","PF","Markieff","Markieff Morris","Morris","23","1","5000","TOR@WAS","WAS","TOR","","","","",""
"","","","","","","","","","","","","","29261-16220:Dion Waiters","29261-16220","SG","Dion","Dion Waiters","Waiters","23.89666748046875","30","5000","CHA@MIA","MIA","CHA","O","Ankle","","",""
"","","","","","","","","","","","","","29261-80811:Jonathan Isaac","29261-80811","SF","Jonathan","Jonathan Isaac","Isaac","11.350000381469727","2","5000","ORL@PHI","ORL","PHI","","","","",""
"","","","","","","","","","","","","","29261-16376:Dorian Finney-Smith","29261-16376","SF","Dorian","Dorian Finney-Smith","Finney-Smith","26.100000381469727","1","5000","MIN@DAL","DAL","MIN","","","","",""
"","","","","","","","","","","","","","29261-9799:Wesley Matthews","29261-9799","SG","Wesley","Wesley Matthews","Matthews","25.899999618530273","1","4900","MIN@DAL","DAL","MIN","","","","",""
"","","","","","","","","","","","","","29261-23670:Marcus Smart","29261-23670","SG","Marcus","Marcus Smart","Smart","14.75","2","4900","BOS@NY","BOS","NY","","","","",""
"","","","","","","","","","","","","","29261-9451:Marvin Williams","29261-9451","PF","Marvin","Marvin Williams","Williams","20.049999237060547","2","4900","CHA@MIA","CHA","MIA","","","","",""
"","","","","","","","","","","","","","29261-9636:Wilson Chandler","29261-9636","SF","Wilson","Wilson Chandler","Chandler","21.75135102143159","74","4900","ORL@PHI","PHI","ORL","O","Hamstring","","",""
"","","","","","","","","","","","","","29261-49675:Derrick White","29261-49675","PG","Derrick","Derrick White","White","6.688235114602482","17","4800","SA@POR","SA","POR","O","Heel","","",""
"","","","","","","","","","","","","","29261-14512:Marcus Morris","29261-14512","PF","Marcus","Marcus Morris","Morris","22.950000762939453","2","4800","BOS@NY","BOS","NY","","","","",""
"","","","","","","","","","","","","","29261-42677:Terry Rozier","29261-42677","PG","Terry","Terry Rozier","Rozier","22.799999237060547","2","4800","BOS@NY","BOS","NY","","","","",""
"","","","","","","","","","","","","","29261-9481:Taj Gibson","29261-9481","PF","Taj","Taj Gibson","Gibson","20.899999618530273","2","4800","MIN@DAL","MIN","DAL","","","","",""
"","","","","","","","","","","","","","29261-9495:J.J. Barea","29261-9495","PG","J.J.","J.J. Barea","Barea","29.600000381469727","1","4800","MIN@DAL","DAL","MIN","","","","",""
"","","","","","","","","","","","","","29261-16178:Maurice Harkless","29261-16178","SF","Maurice","Maurice Harkless","Harkless","25.200000762939453","1","4800","SA@POR","POR","SA","GTD","Knee","","",""
"","","","","","","","","","","","","","29261-9585:Dwyane Wade","29261-9585","SG","Dwyane","Dwyane Wade","Wade","24.399999618530273","2","4800","CHA@MIA","MIA","CHA","","","","",""
"","","","","","","","","","","","","","29261-18821:Jonathon Simmons","29261-18821","SF","Jonathon","Jonathon Simmons","Simmons","16.799999237060547","2","4800","ORL@PHI","ORL","PHI","O","Personal","","",""
"","","","","","","","","","","","","","29261-58350:Stanley Johnson","29261-58350","SF","Stanley","Stanley Johnson","Johnson","19.121739484261774","69","4800","DET@CHI","DET","CHI","","","","",""
"","","","","","","","","","","","","","29261-9739:JaVale McGee","29261-9739","C","JaVale","JaVale McGee","McGee","36.099998474121094","1","4700","HOU@LAL","LAL","HOU","","","","",""
"","","","","","","","","","","","","","29261-58461:Trey Lyles","29261-58461","PF","Trey","Trey Lyles","Lyles","20.399999618530273","1","4700","PHO@DEN","DEN","PHO","","","","",""
"","","","","","","","","","","","","","29261-84674:Kevin Knox","29261-84674","PF","Kevin","Kevin Knox","Knox","20.600000381469727","2","4700","BOS@NY","NY","BOS","","","","",""
"","","","","","","","","","","","","","29261-58084:Justise Winslow","29261-58084","SF","Justise","Justise Winslow","Winslow","20.279411764705884","68","4700","CHA@MIA","MIA","CHA","O","Hamstring","","",""
"","","","","","","","","","","","","","29261-9455:Rajon Rondo","29261-9455","PG","Rajon","Rajon Rondo","Rondo","34.29999923706055","1","4700","HOU@LAL","LAL","HOU","","","","",""
"","","","","","","","","","","","","","29261-9466:D.J. Augustin","29261-9466","PG","D.J.","D.J. Augustin","Augustin","11.199999809265137","2","4700","ORL@PHI","ORL","PHI","","","","",""
"","","","","","","","","","","","","","29261-15636:Kentavious Caldwell-Pope","29261-15636","SG","Kentavious","Kentavious Caldwell-Pope","Caldwell-Pope","7.400000095367432","1","4700","HOU@LAL","LAL","HOU","","","","",""
"","","","","","","","","","","","","","29261-9500:Dirk Nowitzki","29261-9500","PF","Dirk","Dirk Nowitzki","Nowitzki","23.96883085176542","77","4700","MIN@DAL","DAL","MIN","O","Ankle","","",""
"","","","","","","","","","","","","","29261-15691:Cody Zeller","29261-15691","C","Cody","Cody Zeller","Zeller","18.350000381469727","2","4700","CHA@MIA","CHA","MIA","","","","",""
"","","","","","","","","","","","","","29261-23407:PJ Tucker","29261-23407","PF","PJ","PJ Tucker","Tucker","28.899999618530273","1","4700","HOU@LAL","HOU","LAL","","","","",""
"","","","","","","","","","","","","","29261-63127:Willy Hernangomez","29261-63127","C","Willy","Willy Hernangomez","Hernangomez","16.5","2","4600","CHA@MIA","CHA","MIA","","","","",""
"","","","","","","","","","","","","","29261-58153:Kelly Oubre Jr.","29261-58153","SF","Kelly","Kelly Oubre Jr.","Oubre Jr.","18.200000762939453","1","4600","TOR@WAS","WAS","TOR","","","","",""
"","","","","","","","","","","","","","29261-16405:Terrence Ross","29261-16405","SG","Terrence","Terrence Ross","Ross","24.5","2","4500","ORL@PHI","ORL","PHI","","","","",""
"","","","","","","","","","","","","","29261-24247:Fred VanVleet","29261-24247","PG","Fred","Fred VanVleet","VanVleet","24.799999237060547","2","4500","TOR@WAS","TOR","WAS","","","","",""
"","","","","","","","","","","","","","29261-14530:Bojan Bogdanovic","29261-14530","SF","Bojan","Bojan Bogdanovic","Bogdanovic","15.600000381469727","2","4500","BKN@IND","IND","BKN","","","","",""
"","","","","","","","","","","","","","29261-80817:Bam Adebayo","29261-80817","C","Bam","Bam Adebayo","Adebayo","17.700000762939453","2","4500","CHA@MIA","MIA","CHA","","","","",""
"","","","","","","","","","","","","","29261-16363:Joe Harris","29261-16363","SG","Joe","Joe Harris","Harris","21","2","4500","BKN@IND","BKN","IND","","","","",""
"","","","","","","","","","","","","","29261-70819:Dragan Bender","29261-70819","PF","Dragan","Dragan Bender","Bender","15.502438428925306","82","4400","PHO@DEN","PHO","DEN","","","","",""
"","","","","","","","","","","","","","29261-84682:Michael Porter Jr.","29261-84682","PF","Michael","Michael Porter Jr.","Porter Jr.","null","null","4400","PHO@DEN","DEN","PHO","O","Back","","",""
"","","","","","","","","","","","","","29261-16604:Justin Holiday","29261-16604","SG","Justin","Justin Holiday","Holiday","16.299999237060547","1","4400","DET@CHI","CHI","DET","","","","",""
"","","","","","","","","","","","","","29261-16196:Dwight Powell","29261-16196","PF","Dwight","Dwight Powell","Powell","28","1","4400","MIN@DAL","DAL","MIN","","","","",""
"","","","","","","","","","","","","","29261-15758:Michael Kidd-Gilchrist","29261-15758","SF","Michael","Michael Kidd-Gilchrist","Kidd-Gilchrist","28","2","4400","CHA@MIA","CHA","MIA","","","","",""
"","","","","","","","","","","","","","29261-9624:Darren Collison","29261-9624","PG","Darren","Darren Collison","Collison","11.300000190734863","2","4400","BKN@IND","IND","BKN","","","","",""
"","","","","","","","","","","","","","29261-24546:Denzel Valentine","29261-24546","SF","Denzel","Denzel Valentine","Valentine","22.709090592025163","77","4400","DET@CHI","CHI","DET","O","Ankle","","",""
"","","","","","","","","","","","","","29261-19456:Isaiah Canaan","29261-19456","PG","Isaiah","Isaiah Canaan","Canaan","24.700000762939453","1","4300","PHO@DEN","PHO","DEN","","","","",""
"","","","","","","","","","","","","","29261-15947:Reggie Bullock","29261-15947","SG","Reggie","Reggie Bullock","Bullock","18.682258852066532","62","4300","DET@CHI","DET","CHI","","","","",""
"","","","","","","","","","","","","","29261-40562:Josh Hart","29261-40562","SG","Josh","Josh Hart","Hart","39.29999923706055","1","4300","HOU@LAL","LAL","HOU","","","","",""
"","","","","","","","","","","","","","29261-9873:Robin Lopez","29261-9873","C","Robin","Robin Lopez","Lopez","11.699999809265137","1","4300","DET@CHI","CHI","DET","","","","",""
"","","","","","","","","","","","","","29261-14505:Bismack Biyombo","29261-14505","C","Bismack","Bismack Biyombo","Biyombo","2","1","4300","CHA@MIA","CHA","MIA","","","","",""
"","","","","","","","","","","","","","29261-9587:Michael Beasley","29261-9587","SF","Michael","Michael Beasley","Beasley","1.2000000476837158","1","4300","HOU@LAL","LAL","HOU","","","","",""
"","","","","","","","","","","","","","29261-15771:Gorgui Dieng","29261-15771","C","Gorgui","Gorgui Dieng","Dieng","24.149999618530273","2","4300","MIN@DAL","MIN","DAL","","","","",""
"","","","","","","","","","","","","","29261-12359:Evan Turner","29261-12359","SF","Evan","Evan Turner","Turner","28.600000381469727","1","4200","SA@POR","POR","SA","","","","",""
"","","","","","","","","","","","","","29261-14529:Cory Joseph","29261-14529","PG","Cory","Cory Joseph","Joseph","17.950000762939453","2","4200","BKN@IND","IND","BKN","","","","",""
"","","","","","","","","","","","","","29261-58378:Jakob Poeltl","29261-58378","C","Jakob","Jakob Poeltl","Poeltl","11.800000190734863","1","4100","SA@POR","SA","POR","","","","",""
"","","","","","","","","","","","","","29261-42661:Noah Vonleh","29261-42661","PF","Noah","Noah Vonleh","Vonleh","20.350000381469727","2","4100","BOS@NY","NY","BOS","","","","",""
"","","","","","","","","","","","","","29261-9715:Marco Belinelli","29261-9715","SG","Marco","Marco Belinelli","Belinelli","16.799999237060547","1","4100","SA@POR","SA","POR","","","","",""
"","","","","","","","","","","","","","29261-15996:Jerian Grant","29261-15996","PG","Jerian","Jerian Grant","Grant","17.049999237060547","2","4000","ORL@PHI","ORL","PHI","","","","",""
"","","","","","","","","","","","","","29261-84670:Mikal Bridges","29261-84670","SF","Mikal","Mikal Bridges","Bridges","0","1","4000","PHO@DEN","PHO","DEN","","","","",""
"","","","","","","","","","","","","","29261-9939:Patty Mills","29261-9939","PG","Patty","Patty Mills","Mills","8.899999618530273","1","4000","SA@POR","SA","POR","","","","",""
"","","","","","","","","","","","","","29261-12511:Ish Smith","29261-12511","PG","Ish","Ish Smith","Smith","14.5","1","4000","DET@CHI","DET","CHI","","","","",""
"","","","","","","","","","","","","","29261-15590:Mason Plumlee","29261-15590","C","Mason","Mason Plumlee","Plumlee","16.600000381469727","1","4000","PHO@DEN","DEN","PHO","","","","",""
"","","","","","","","","","","","","","29261-15592:Austin Rivers","29261-15592","SG","Austin","Austin Rivers","Rivers","15","1","4000","TOR@WAS","WAS","TOR","","","","",""
"","","","","","","","","","","","","","29261-9454:Zaza Pachulia","29261-9454","C","Zaza","Zaza Pachulia","Pachulia","27.399999618530273","1","4000","DET@CHI","DET","CHI","","","","",""
"","","","","","","","","","","","","","29261-9475:Derrick Rose","29261-9475","PG","Derrick","Derrick Rose","Rose","21.799999237060547","2","4000","MIN@DAL","MIN","DAL","","","","",""
"","","","","","","","","","","","","","29261-84827:Allonzo Trier","29261-84827","SG","Allonzo","Allonzo Trier","Trier","18.200000762939453","2","4000","BOS@NY","NY","BOS","","","","",""
"","","","","","","","","","","","","","29261-80815:Zach Collins","29261-80815","PF","Zach","Zach Collins","Collins","33.20000076293945","1","4000","SA@POR","POR","SA","","","","",""
"","","","","","","","","","","","","","29261-12369:Lance Stephenson","29261-12369","SF","Lance","Lance Stephenson","Stephenson","8.399999618530273","1","3900","HOU@LAL","LAL","HOU","","","","",""
"","","","","","","","","","","","","","29261-67707:Marquese Chriss","29261-67707","PF","Marquese","Marquese Chriss","Chriss","19.59027777777778","72","3900","HOU@LAL","HOU","LAL","O","Ankle","","",""
"","","","","","","","","","","","","","29261-84689:Josh Okogie","29261-84689","SG","Josh","Josh Okogie","Okogie","null","null","3900","MIN@DAL","MIN","DAL","","","","",""
"","","","","","","","","","","","","","29261-84695:Gary Trent Jr.","29261-84695","SG","Gary","Gary Trent Jr.","Trent Jr.","null","null","3900","SA@POR","POR","SA","","","","",""
"","","","","","","","","","","","","","29261-23801:Nik Stauskas","29261-23801","SG","Nik","Nik Stauskas","Stauskas","32.400001525878906","1","3900","SA@POR","POR","SA","","","","",""
"","","","","","","","","","","","","","29261-9648:Jeff Green","29261-9648","SF","Jeff","Jeff Green","Green","27.299999237060547","1","3900","TOR@WAS","WAS","TOR","","","","",""
"","","","","","","","","","","","","","29261-48567:Cameron Payne","29261-48567","PG","Cameron","Cameron Payne","Payne","10.699999809265137","1","3900","DET@CHI","CHI","DET","","","","",""
"","","","","","","","","","","","","","29261-9702:Tony Parker","29261-9702","PG","Tony","Tony Parker","Parker","15.350000381469727","2","3900","CHA@MIA","CHA","MIA","","","","",""
"","","","","","","","","","","","","","29261-66046:Luke Kennard","29261-66046","SG","Luke","Luke Kennard","Kennard","13.800000190734863","1","3900","DET@CHI","DET","CHI","","","","",""
"","","","","","","","","","","","","","29261-12365:Ed Davis","29261-12365","C","Ed","Ed Davis","Davis","20.200000762939453","2","3800","BKN@IND","BKN","IND","","","","",""
"","","","","","","","","","","","","","29261-17542:Alan Williams","29261-17542","PF","Alan","Alan Williams","Williams","13.88000030517578","5","3800","BKN@IND","BKN","IND","O","Ankle","","",""
"","","","","","","","","","","","","","29261-70822:Juancho Hernangomez","29261-70822","SF","Juancho","Juancho Hernangomez","Hernangomez","19.700000762939453","1","3800","PHO@DEN","DEN","PHO","","","","",""
"","","","","","","","","","","","","","29261-15583:Seth Curry","29261-15583","PG","Seth","Seth Curry","Curry","10","1","3800","SA@POR","POR","SA","","","","",""
"","","","","","","","","","","","","","29261-9956:Wayne Ellington","29261-9956","SG","Wayne","Wayne Ellington","Ellington","17.85844124137581","77","3800","CHA@MIA","MIA","CHA","O","Ankle","","",""
"","","","","","","","","","","","","","29261-23788:Bryn Forbes","29261-23788","PG","Bryn","Bryn Forbes","Forbes","21.600000381469727","1","3800","SA@POR","SA","POR","","","","",""
"","","","","","","","","","","","","","29261-9479:Luol Deng","29261-9479","SF","Luol","Luol Deng","Deng","5.5","1","3800","MIN@DAL","MIN","DAL","","","","",""
"","","","","","","","","","","","","","29261-16201:Michael Carter-Williams","29261-16201","PG","Michael","Michael Carter-Williams","Carter-Williams","20.799999237060547","1","3800","HOU@LAL","HOU","LAL","","","","",""
"","","","","","","","","","","","","","29261-18256:Doug McDermott","29261-18256","SF","Doug","Doug McDermott","McDermott","18.100000381469727","2","3800","BKN@IND","IND","BKN","","","","",""
"","","","","","","","","","","","","","29261-40830:Delon Wright","29261-40830","PG","Delon","Delon Wright","Wright","19.269564863564312","69","3800","TOR@WAS","TOR","WAS","O","Thigh","","",""
"","","","","","","","","","","","","","29261-9677:Jared Dudley","29261-9677","SF","Jared","Jared Dudley","Dudley","19.299999237060547","2","3800","BKN@IND","BKN","IND","","","","",""
"","","","","","","","","","","","","","29261-63478:Cristiano Felicio","29261-63478","C","Cristiano","Cristiano Felicio","Felicio","12.674545010653409","55","3800","DET@CHI","CHI","DET","","","","",""
"","","","","","","","","","","","","","29261-9849:Gerald Green","29261-9849","SF","Gerald","Gerald Green","Green","7.199999809265137","1","3700","HOU@LAL","HOU","LAL","","","","",""
"","","","","","","","","","","","","","29261-9862:Amir Johnson","29261-9862","PF","Amir","Amir Johnson","Johnson","13.600000381469727","2","3700","ORL@PHI","PHI","ORL","","","","",""
"","","","","","","","","","","","","","29261-84703:De'Anthony Melton","29261-84703","PG","De'Anthony","De'Anthony Melton","Melton","null","null","3700","PHO@DEN","PHO","DEN","","","","",""
"","","","","","","","","","","","","","29261-84707:Chandler Hutchison","29261-84707","SF","Chandler","Chandler Hutchison","Hutchison","0","1","3700","DET@CHI","CHI","DET","","","","",""
"","","","","","","","","","","","","","29261-84708:Robert Williams III","29261-84708","C","Robert","Robert Williams III","Williams III","null","null","3700","BOS@NY","BOS","NY","","","","",""
"","","","","","","","","","","","","","29261-84723:Khyri Thomas","29261-84723","SG","Khyri","Khyri Thomas","Thomas","null","null","3700","DET@CHI","DET","CHI","","","","",""
"","","","","","","","","","","","","","29261-84724:Landry Shamet","29261-84724","PG","Landry","Landry Shamet","Shamet","14.75","2","3700","ORL@PHI","PHI","ORL","","","","",""
"","","","","","","","","","","","","","29261-9512: Nene","29261-9512","C","","Nene","Nene","13.571154080904448","52","3700","HOU@LAL","HOU","LAL","GTD","Calf","","",""
"","","","","","","","","","","","","","29261-15669:Meyers Leonard","29261-15669","C","Meyers","Meyers Leonard","Leonard","12.800000190734863","1","3700","SA@POR","POR","SA","","","","",""
"","","","","","","","","","","","","","29261-40819:Jarell Martin","29261-40819","PF","Jarell","Jarell Martin","Martin","9.899999618530273","1","3700","ORL@PHI","ORL","PHI","","","","",""
"","","","","","","","","","","","","","29261-66455:Henry Ellenson","29261-66455","PF","Henry","Henry Ellenson","Ellenson","7.242105584395559","38","3700","DET@CHI","DET","CHI","","","","",""
"","","","","","","","","","","","","","29261-23447:Richaun Holmes","29261-23447","PF","Richaun","Richaun Holmes","Holmes","16.202083587646484","48","3700","PHO@DEN","PHO","DEN","","","","",""
"","","","","","","","","","","","","","29261-9712:Jose Calderon","29261-9712","PG","Jose","Jose Calderon","Calderon","10.128069961280154","57","3700","DET@CHI","DET","CHI","","","","",""
"","","","","","","","","","","","","","29261-68090:OG Anunoby","29261-68090","SF","OG","OG Anunoby","Anunoby","9.399999618530273","2","3700","TOR@WAS","TOR","WAS","","","","",""
"","","","","","","","","","","","","","29261-37931:Aron Baynes","29261-37931","C","Aron","Aron Baynes","Baynes","15.25","2","3600","BOS@NY","BOS","NY","","","","",""
"","","","","","","","","","","","","","29261-9772:Ryan Anderson","29261-9772","PF","Ryan","Ryan Anderson","Anderson","13.899999618530273","1","3600","PHO@DEN","PHO","DEN","","","","",""
"","","","","","","","","","","","","","29261-23097:Tomas Satoransky","29261-23097","PG","Tomas","Tomas Satoransky","Satoransky","14.100000381469727","1","3600","TOR@WAS","WAS","TOR","","","","",""
"","","","","","","","","","","","","","29261-16448:Frank Kaminsky","29261-16448","PF","Frank","Frank Kaminsky","Kaminsky","3.9000000953674316","1","3600","CHA@MIA","CHA","MIA","","","","",""
"","","","","","","","","","","","","","29261-66114:Antonio Blakeney","29261-66114","SG","Antonio","Antonio Blakeney","Blakeney","23","1","3600","DET@CHI","CHI","DET","","","","",""
"","","","","","","","","","","","","","29261-17541:James Nunnally","29261-17541","SF","James","James Nunnally","Nunnally","null","null","3600","MIN@DAL","MIN","DAL","","","","",""
"","","","","","","","","","","","","","29261-63124:Emmanuel Mudiay","29261-63124","PG","Emmanuel","Emmanuel Mudiay","Mudiay","16.990625381469727","64","3600","BOS@NY","NY","BOS","O","Ankle","","",""
"","","","","","","","","","","","","","29261-42158:Jabari Bird","29261-42158","SG","Jabari","Jabari Bird","Bird","5.984615619365986","13","3600","BOS@NY","BOS","NY","O","Not injury related","","",""
"","","","","","","","","","","","","","29261-23740:Ryan Arcidiacono","29261-23740","PG","Ryan","Ryan Arcidiacono","Arcidiacono","24.799999237060547","1","3600","DET@CHI","CHI","DET","","","","",""
"","","","","","","","","","","","","","29261-84672:Zhaire Smith","29261-84672","SG","Zhaire","Zhaire Smith","Smith","null","null","3600","ORL@PHI","PHI","ORL","O","Foot","","",""
"","","","","","","","","","","","","","29261-22727:Ron Baker","29261-22727","SG","Ron","Ron Baker","Baker","8.149999618530273","2","3600","BOS@NY","NY","BOS","","","","",""
"","","","","","","","","","","","","","29261-16081:Khem Birch","29261-16081","PF","Khem","Khem Birch","Birch","1.2000000476837158","1","3600","ORL@PHI","ORL","PHI","","","","",""
"","","","","","","","","","","","","","29261-84688:Keita Bates-Diop","29261-84688","SF","Keita","Keita Bates-Diop","Bates-Diop","null","null","3600","MIN@DAL","MIN","DAL","","","","",""
"","","","","","","","","","","","","","29261-84702:Lonnie Walker IV","29261-84702","SG","Lonnie","Lonnie Walker IV","Walker IV","null","null","3600","SA@POR","SA","POR","O","Knee","","",""
"","","","","","","","","","","","","","29261-9953:Ian Mahinmi","29261-9953","C","Ian","Ian Mahinmi","Mahinmi","12.199999809265137","1","3600","TOR@WAS","WAS","TOR","","","","",""
"","","","","","","","","","","","","","29261-23780:Jake Layman","29261-23780","SF","Jake","Jake Layman","Layman","7.400000095367432","1","3600","SA@POR","POR","SA","","","","",""
"","","","","","","","","","","","","","29261-84709:Mitchell Robinson","29261-84709","C","Mitchell","Mitchell Robinson","Robinson","2","1","3600","BOS@NY","NY","BOS","","","","",""
"","","","","","","","","","","","","","29261-17230:Langston Galloway","29261-17230","SG","Langston","Langston Galloway","Galloway","11.100000381469727","1","3600","DET@CHI","DET","CHI","","","","",""
"","","","","","","","","","","","","","29261-9615:Courtney Lee","29261-9615","SG","Courtney","Courtney Lee","Lee","21.826316431949014","76","3600","BOS@NY","NY","BOS","O","Neck","","",""
"","","","","","","","","","","","","","29261-16859:Lance Thomas","29261-16859","SF","Lance","Lance Thomas","Thomas","6.699999809265137","2","3600","BOS@NY","NY","BOS","","","","",""
"","","","","","","","","","","","","","29261-66061:Dwayne Bacon","29261-66061","SF","Dwayne","Dwayne Bacon","Bacon","8.5","1","3500","CHA@MIA","CHA","MIA","","","","",""
"","","","","","","","","","","","","","29261-85521:Theo Pinson","29261-85521","SF","Theo","Theo Pinson","Pinson","null","null","3500","BKN@IND","BKN","IND","","","","",""
"","","","","","","","","","","","","","29261-64017:Salah Mejri","29261-64017","C","Salah","Salah Mejri","Mejri","12.945901839459529","61","3500","MIN@DAL","DAL","MIN","","","","",""
"","","","","","","","","","","","","","29261-66064:Malik Beasley","29261-66064","SG","Malik","Malik Beasley","Beasley","6.699999809265137","1","3500","PHO@DEN","DEN","PHO","","","","",""
"","","","","","","","","","","","","","29261-85523:Jordan Loyd","29261-85523","PG","Jordan","Jordan Loyd","Loyd","null","null","3500","TOR@WAS","TOR","WAS","","","","",""
"","","","","","","","","","","","","","29261-97299:Zach Lofton","29261-97299","SG","Zach","Zach Lofton","Lofton","2","1","3500","DET@CHI","DET","CHI","","","","",""
"","","","","","","","","","","","","","29261-85522:DeVaughn Akoon-Purcell","29261-85522","SG","DeVaughn","DeVaughn Akoon-Purcell","Akoon-Purcell","null","null","3500","PHO@DEN","DEN","PHO","","","","",""
"","","","","","","","","","","","","","29261-48668:Troy Caupain","29261-48668","PG","Troy","Troy Caupain","Caupain","null","null","3500","ORL@PHI","ORL","PHI","","","","",""
"","","","","","","","","","","","","","29261-23581:Amile Jefferson","29261-23581","PF","Amile","Amile Jefferson","Jefferson","null","null","3500","ORL@PHI","ORL","PHI","","","","",""
"","","","","","","","","","","","","","29261-66104:Isaiah Briscoe","29261-66104","PG","Isaiah","Isaiah Briscoe","Briscoe","15.699999809265137","1","3500","ORL@PHI","ORL","PHI","","","","",""
"","","","","","","","","","","","","","29261-12357:Quincy Pondexter","29261-12357","SG","Quincy","Quincy Pondexter","Pondexter","4.778260935907778","23","3500","SA@POR","SA","POR","","","","",""
"","","","","","","","","","","","","","29261-9810:Jerryd Bayless","29261-9810","PG","Jerryd","Jerryd Bayless","Bayless","13.461538461538462","39","3500","ORL@PHI","PHI","ORL","O","Knee","","",""
"","","","","","","","","","","","","","29261-17491:James Ennis III","29261-17491","SF","James","James Ennis III","Ennis III","12.199999809265137","1","3500","HOU@LAL","HOU","LAL","","","","",""
"","","","","","","","","","","","","","29261-58457:Devin Robinson","29261-58457","SF","Devin","Devin Robinson","Robinson","11","1","3500","TOR@WAS","WAS","TOR","","","","",""
"","","","","","","","","","","","","","29261-15964:Lorenzo Brown","29261-15964","PG","Lorenzo","Lorenzo Brown","Brown","1.2000000476837158","1","3500","TOR@WAS","TOR","WAS","","","","",""
"","","","","","","","","","","","","","29261-58463:Tyler Ulis","29261-58463","PG","Tyler","Tyler Ulis","Ulis","0","1","3500","DET@CHI","CHI","DET","","","","",""
"","","","","","","","","","","","","","29261-15975:C.J. Williams","29261-15975","SG","C.J.","C.J. Williams","Williams","11.913158215974507","38","3500","MIN@DAL","MIN","DAL","","","","",""
"","","","","","","","","","","","","","29261-68203:Chris Boucher","29261-68203","PF","Chris","Chris Boucher","Boucher","1.2000000476837158","1","3500","TOR@WAS","TOR","WAS","","","","",""
"","","","","","","","","","","","","","29261-81529:Daniel Theis","29261-81529","PF","Daniel","Daniel Theis","Theis","1.2000000476837158","1","3500","BOS@NY","BOS","NY","","","","",""
"","","","","","","","","","","","","","29261-58490:Wade Baldwin IV","29261-58490","PG","Wade","Wade Baldwin IV","Baldwin IV","8.585714067731585","7","3500","SA@POR","POR","SA","","","","",""
"","","","","","","","","","","","","","29261-41083:Luke Kornet","29261-41083","PF","Luke","Luke Kornet","Kornet","15.189999389648438","20","3500","BOS@NY","NY","BOS","","","","",""
"","","","","","","","","","","","","","29261-23676:Damyean Dotson","29261-23676","SG","Damyean","Damyean Dotson","Dotson","8.0522724498402","44","3500","BOS@NY","NY","BOS","","","","",""
"","","","","","","","","","","","","","29261-12423:Omer Asik","29261-12423","C","Omer","Omer Asik","Asik","5.105555640326606","18","3500","DET@CHI","CHI","DET","O","Undisclosed","","",""
"","","","","","","","","","","","","","29261-12424:Timofey Mozgov","29261-12424","C","Timofey","Timofey Mozgov","Mozgov","9.229032454952117","31","3500","ORL@PHI","ORL","PHI","","","","",""
"","","","","","","","","","","","","","29261-66185:Caleb Swanigan","29261-66185","PF","Caleb","Caleb Swanigan","Swanigan","5.659259372287327","27","3500","SA@POR","POR","SA","","","","",""
"","","","","","","","","","","","","","29261-85137:Duncan Robinson","29261-85137","SG","Duncan","Duncan Robinson","Robinson","null","null","3500","CHA@MIA","MIA","CHA","","","","",""
"","","","","","","","","","","","","","29261-66196:PJ Dozier","29261-66196","SG","PJ","PJ Dozier","Dozier","1.100000023841858","2","3500","BOS@NY","BOS","NY","","","","",""
"","","","","","","","","","","","","","29261-85140:Keenan Evans","29261-85140","PG","Keenan","Keenan Evans","Evans","null","null","3500","DET@CHI","DET","CHI","","","","",""
"","","","","","","","","","","","","","29261-66203:Malachi Richardson","29261-66203","SG","Malachi","Malachi Richardson","Richardson","0","1","3500","TOR@WAS","TOR","WAS","","","","",""
"","","","","","","","","","","","","","29261-66205:Tyler Lydon","29261-66205","SF","Tyler","Tyler Lydon","Lydon","0","1","3500","PHO@DEN","DEN","PHO","","","","",""
"","","","","","","","","","","","","","29261-70823:Guerschon Yabusele","29261-70823","PF","Guerschon","Guerschon Yabusele","Yabusele","0","1","3500","BOS@NY","BOS","NY","","","","",""
"","","","","","","","","","","","","","29261-18600:Tyler Johnson","29261-18600","PG","Tyler","Tyler Johnson","Johnson","11.850000381469727","2","3500","CHA@MIA","MIA","CHA","","","","",""
"","","","","","","","","","","","","","29261-14506:Brandon Knight","29261-14506","PG","Brandon","Brandon Knight","Knight","null","null","3500","HOU@LAL","HOU","LAL","O","Knee","","",""
"","","","","","","","","","","","","","29261-70827:Ivica Zubac","29261-70827","C","Ivica","Ivica Zubac","Zubac","9.048837351244549","43","3500","HOU@LAL","LAL","HOU","","","","",""
"","","","","","","","","","","","","","29261-70826:Furkan Korkmaz","29261-70826","SG","Furkan","Furkan Korkmaz","Korkmaz","0.6000000238418579","2","3500","ORL@PHI","PHI","ORL","","","","",""
"","","","","","","","","","","","","","29261-70830:Zhou Qi","29261-70830","PF","Zhou","Zhou Qi","Qi","4.966666751437717","18","3500","HOU@LAL","HOU","LAL","O","Knee","","",""
"","","","","","","","","","","","","","29261-14521:Kenneth Faried","29261-14521","PF","Kenneth","Kenneth Faried","Faried","14.081250190734863","32","3500","BKN@IND","BKN","IND","","","","",""
"","","","","","","","","","","","","","29261-84668:Troy Brown Jr.","29261-84668","SF","Troy","Troy Brown Jr.","Brown Jr.","null","null","3500","TOR@WAS","WAS","TOR","","","","",""
"","","","","","","","","","","","","","29261-9920:Anthony Tolliver","29261-9920","PF","Anthony","Anthony Tolliver","Tolliver","11.899999618530273","2","3500","MIN@DAL","MIN","DAL","","","","",""
"","","","","","","","","","","","","","29261-84678:Miles Bridges","29261-84678","SF","Miles","Miles Bridges","Bridges","15.550000190734863","2","3500","CHA@MIA","CHA","MIA","","","","",""
"","","","","","","","","","","","","","29261-15560:Shabazz Napier","29261-15560","PG","Shabazz","Shabazz Napier","Napier","17.135135135135137","74","3500","BKN@IND","BKN","IND","O","Hamstring","","",""
"","","","","","","","","","","","","","29261-14539:Jon Leuer","29261-14539","PF","Jon","Jon Leuer","Leuer","11.612500190734863","8","3500","DET@CHI","DET","CHI","","","","",""
"","","","","","","","","","","","","","29261-58574:Jonah Bolden","29261-58574","PF","Jonah","Jonah Bolden","Bolden","0","2","3500","ORL@PHI","PHI","ORL","","","","",""
"","","","","","","","","","","","","","29261-84687:George King","29261-84687","SF","George","George King","King","null","null","3500","PHO@DEN","PHO","DEN","","","","",""
"","","","","","","","","","","","","","29261-14543:Davis Bertans","29261-14543","SF","Davis","Davis Bertans","Bertans","13.199999809265137","1","3500","SA@POR","SA","POR","","","","",""
"","","","","","","","","","","","","","29261-84686:Elie Okobo","29261-84686","PG","Elie","Elie Okobo","Okobo","3.5","1","3500","PHO@DEN","PHO","DEN","","","","",""
"","","","","","","","","","","","","","29261-84691:Shake Milton","29261-84691","SG","Shake","Shake Milton","Milton","null","null","3500","ORL@PHI","PHI","ORL","","","","",""
"","","","","","","","","","","","","","29261-84690:Jalen Brunson","29261-84690","PG","Jalen","Jalen Brunson","Brunson","5.699999809265137","1","3500","MIN@DAL","DAL","MIN","","","","",""
"","","","","","","","","","","","","","29261-9940:Dante Cunningham","29261-9940","SF","Dante","Dante Cunningham","Cunningham","1.7000000476837158","1","3500","SA@POR","SA","POR","","","","",""
"","","","","","","","","","","","","","29261-81621:Maxi Kleber","29261-81621","PF","Maxi","Maxi Kleber","Kleber","9.399999618530273","1","3500","MIN@DAL","DAL","MIN","","","","",""
"","","","","","","","","","","","","","29261-84694:Bruce Brown","29261-84694","SG","Bruce","Bruce Brown","Brown","5.900000095367432","1","3500","DET@CHI","DET","CHI","","","","",""
"","","","","","","","","","","","","","29261-84698:Dzanan Musa","29261-84698","SF","Dzanan","Dzanan Musa","Musa","null","null","3500","BKN@IND","BKN","IND","","","","",""
"","","","","","","","","","","","","","29261-84701:Chimezie Metu","29261-84701","PF","Chimezie","Chimezie Metu","Metu","null","null","3500","SA@POR","SA","POR","","","","",""
"","","","","","","","","","","","","","29261-84700:Rodions Kurucs","29261-84700","PF","Rodions","Rodions Kurucs","Kurucs","9.850000381469727","2","3500","BKN@IND","BKN","IND","","","","",""
"","","","","","","","","","","","","","29261-58081:Tyus Jones","29261-58081","PG","Tyus","Tyus Jones","Jones","9.100000381469727","2","3500","MIN@DAL","MIN","DAL","","","","",""
"","","","","","","","","","","","","","29261-84706:Devonte' Graham","29261-84706","PG","Devonte'","Devonte' Graham","Graham","null","null","3500","CHA@MIA","CHA","MIA","","","","",""
"","","","","","","","","","","","","","29261-9448:Jamal Crawford","29261-9448","SG","Jamal","Jamal Crawford","Crawford","15.878750610351563","80","3500","PHO@DEN","PHO","DEN","","","","",""
"","","","","","","","","","","","","","29261-84713:Svi Mykhailiuk","29261-84713","SG","Svi","Svi Mykhailiuk","Mykhailiuk","null","null","3500","HOU@LAL","LAL","HOU","","","","",""
"","","","","","","","","","","","","","29261-84712:Vincent Edwards","29261-84712","SF","Vincent","Vincent Edwards","Edwards","null","null","3500","HOU@LAL","HOU","LAL","","","","",""
"","","","","","","","","","","","","","29261-84714:Moritz Wagner","29261-84714","C","Moritz","Moritz Wagner","Wagner","null","null","3500","HOU@LAL","LAL","HOU","O","Knee","","",""
"","","","","","","","","","","","","","29261-84717:Anfernee Simons","29261-84717","SG","Anfernee","Anfernee Simons","Simons","null","null","3500","SA@POR","POR","SA","","","","",""
"","","","","","","","","","","","","","29261-84716:Thomas Welsh","29261-84716","C","Thomas","Thomas Welsh","Welsh","0","1","3500","PHO@DEN","DEN","PHO","","","","",""
"","","","","","","","","","","","","","29261-84719:Aaron Holiday","29261-84719","PG","Aaron","Aaron Holiday","Holiday","2.3499999046325684","2","3500","BKN@IND","IND","BKN","","","","",""
"","","","","","","","","","","","","","29261-84718:Alize Johnson","29261-84718","PF","Alize","Alize Johnson","Johnson","5.599999904632568","1","3500","BKN@IND","IND","BKN","","","","",""
"","","","","","","","","","","","","","29261-84721:Jarred Vanderbilt","29261-84721","SF","Jarred","Jarred Vanderbilt","Vanderbilt","null","null","3500","PHO@DEN","DEN","PHO","O","Foot","","",""
"","","","","","","","","","","","","","29261-67312:Thomas Bryant","29261-67312","C","Thomas","Thomas Bryant","Bryant","3.8933334350585938","15","3500","TOR@WAS","WAS","TOR","","","","",""
"","","","","","","","","","","","","","29261-84720:Melvin Frazier Jr.","29261-84720","SF","Melvin","Melvin Frazier Jr.","Frazier Jr.","null","null","3500","ORL@PHI","ORL","PHI","","","","",""
"","","","","","","","","","","","","","29261-84722:Isaac Bonga","29261-84722","SF","Isaac","Isaac Bonga","Bonga","null","null","3500","HOU@LAL","LAL","HOU","","","","",""
"","","","","","","","","","","","","","29261-84725:Kostas Antetokounmpo","29261-84725","PF","Kostas","Kostas Antetokounmpo","Antetokounmpo","null","null","3500","MIN@DAL","DAL","MIN","","","","",""
"","","","","","","","","","","","","","29261-84726:Ray Spalding","29261-84726","PF","Ray","Ray Spalding","Spalding","0","1","3500","MIN@DAL","DAL","MIN","","","","",""
"","","","","","","","","","","","","","29261-23800:Glenn Robinson III","29261-23800","SF","Glenn","Glenn Robinson III","Robinson III","9","1","3500","DET@CHI","DET","CHI","","","","",""
"","","","","","","","","","","","","","29261-85241:Johnathan Williams","29261-85241","PF","Johnathan","Johnathan Williams","Williams","null","null","3500","HOU@LAL","LAL","HOU","","","","",""
"","","","","","","","","","","","","","29261-84730:J.P. Macura","29261-84730","SG","J.P.","J.P. Macura","Macura","null","null","3500","CHA@MIA","CHA","MIA","","","","",""
"","","","","","","","","","","","","","29261-85242:Rawle Alkins","29261-85242","SG","Rawle","Rawle Alkins","Alkins","null","null","3500","DET@CHI","CHI","DET","","","","",""
"","","","","","","","","","","","","","29261-9473:Tyson Chandler","29261-9473","C","Tyson","Tyson Chandler","Chandler","9","1","3500","PHO@DEN","PHO","DEN","","","","",""
"","","","","","","","","","","","","","29261-48940:Wes Iwundu","29261-48940","SF","Wes","Wes Iwundu","Iwundu","18.799999237060547","1","3500","ORL@PHI","ORL","PHI","","","","",""
"","","","","","","","","","","","","","29261-20277:Torrey Craig","29261-20277","SG","Torrey","Torrey Craig","Craig","10.612820356320112","39","3500","PHO@DEN","DEN","PHO","","","","",""
"","","","","","","","","","","","","","29261-41269:Demetrius Jackson","29261-41269","PG","Demetrius","Demetrius Jackson","Jackson","3.3933334350585938","15","3500","ORL@PHI","PHI","ORL","","","","",""
"","","","","","","","","","","","","","29261-82743:Walter Lemon Jr.","29261-82743","SG","Walter","Walter Lemon Jr.","Lemon Jr.","5.179999923706054","5","3500","BOS@NY","BOS","NY","","","","",""
"","","","","","","","","","","","","","29261-85309:Daryl Macon","29261-85309","PG","Daryl","Daryl Macon","Macon","null","null","3500","MIN@DAL","DAL","MIN","","","","",""
"","","","","","","","","","","","","","29261-40255:Davon Reed","29261-40255","SG","Davon","Davon Reed","Reed","7.3952382405598955","21","3500","BKN@IND","IND","BKN","","","","",""
"","","","","","","","","","","","","","29261-20805:Troy Daniels","29261-20805","SG","Troy","Troy Daniels","Daniels","1.2000000476837158","1","3500","PHO@DEN","PHO","DEN","O","Concussion","","",""
"","","","","","","","","","","","","","29261-20806:Treveon Graham","29261-20806","SG","Treveon","Treveon Graham","Graham","3.6500000953674316","2","3500","BKN@IND","BKN","IND","O","Hamstring","","",""
"","","","","","","","","","","","","","29261-40264:Ben Moore","29261-40264","SF","Ben","Ben Moore","Moore","1.350000023841858","2","3500","BKN@IND","IND","BKN","","","","",""
"","","","","","","","","","","","","","29261-84830:Jared Terrell","29261-84830","SG","Jared","Jared Terrell","Terrell","null","null","3500","MIN@DAL","MIN","DAL","","","","",""
"","","","","","","","","","","","","","29261-84833:Ryan Broekhoff","29261-84833","PF","Ryan","Ryan Broekhoff","Broekhoff","3","1","3500","MIN@DAL","DAL","MIN","","","","",""
"","","","","","","","","","","","","","29261-16230:Jordan McRae","29261-16230","SG","Jordan","Jordan McRae","McRae","0","1","3500","TOR@WAS","WAS","TOR","","","","",""
"","","","","","","","","","","","","","29261-9589:Udonis Haslem","29261-9589","PF","Udonis","Udonis Haslem","Haslem","2.25","14","3500","CHA@MIA","MIA","CHA","","","","",""
"","","","","","","","","","","","","","29261-66424:Justin Patton","29261-66424","C","Justin","Justin Patton","Patton","5","1","3500","MIN@DAL","MIN","DAL","O","Foot","","",""
"","","","","","","","","","","","","","29261-15744:Rodney McGruder","29261-15744","SG","Rodney","Rodney McGruder","McGruder","28.850000381469727","2","3500","CHA@MIA","MIA","CHA","","","","",""
"","","","","","","","","","","","","","29261-9613:Devin Harris","29261-9613","PG","Devin","Devin Harris","Harris","1.5","1","3500","MIN@DAL","DAL","MIN","O","Hamstring","","",""
"","","","","","","","","","","","","","29261-16790:Brad Wanamaker","29261-16790","PG","Brad","Brad Wanamaker","Wanamaker","3.200000047683716","1","3500","BOS@NY","BOS","NY","","","","",""
"","","","","","","","","","","","","","29261-66968:Derrick Jones Jr.","29261-66968","SF","Derrick","Derrick Jones Jr.","Jones Jr.","17.200000762939453","2","3500","CHA@MIA","MIA","CHA","","","","",""
"","","","","","","","","","","","","","29261-58270:Edmond Sumner","29261-58270","PG","Edmond","Edmond Sumner","Sumner","1.75","2","3500","BKN@IND","IND","BKN","","","","",""
"","","","","","","","","","","","","","29261-16293:Norman Powell","29261-16293","SF","Norman","Norman Powell","Powell","6.949999809265137","2","3500","TOR@WAS","TOR","WAS","","","","",""
"","","","","","","","","","","","","","29261-23981:Alex Caruso","29261-23981","PG","Alex","Alex Caruso","Caruso","10.31081081081081","37","3500","HOU@LAL","LAL","HOU","GTD","Hip","","",""
"","","","","","","","","","","","","","29261-80812:Lauri Markkanen","29261-80812","PF","Lauri","Lauri Markkanen","Markkanen","28.098551432291668","69","3500","DET@CHI","CHI","DET","O","Elbow","","",""
"","","","","","","","","","","","","","29261-80818:TJ Leaf","29261-80818","PF","TJ","TJ Leaf","Leaf","0","1","3500","BKN@IND","IND","BKN","O","Ankle","","",""
"","","","","","","","","","","","","","29261-80825:Isaiah Hartenstein","29261-80825","PF","Isaiah","Isaiah Hartenstein","Hartenstein","0","1","3500","HOU@LAL","HOU","LAL","","","","",""
"","","","","","","","","","","","","","29261-48570:Isaiah Hicks","29261-48570","PF","Isaiah","Isaiah Hicks","Hicks","8.622222052680122","18","3500","BOS@NY","NY","BOS","","","","",""
"","","","","","","","","","","","","","29261-80826:Ike Anigbogu","29261-80826","PF","Ike","Ike Anigbogu","Anigbogu","3.0727272033691406","11","3500","BKN@IND","IND","BKN","","","","",""
"","","","","","","","","","","","","","29261-9669:Jason Smith","29261-9669","PF","Jason","Jason Smith","Smith","9.199999809265137","1","3500","TOR@WAS","WAS","TOR","","","","",""
"","","","","","","","","","","","","","29261-40396:Monte Morris","29261-40396","PG","Monte","Monte Morris","Morris","18.399999618530273","1","3500","PHO@DEN","DEN","PHO","","","","",""
"","","","","","","","","","","","","","29261-101331:Gary Clark","29261-101331","PF","Gary","Gary Clark","Clark","0","1","3500","HOU@LAL","HOU","LAL","","","","",""
"","","","","","","","","","","","","","29261-48598:Semi Ojeleye","29261-48598","SF","Semi","Semi Ojeleye","Ojeleye","1.2000000476837158","1","3500","BOS@NY","BOS","NY","","","","",""
"","","","","","","","","","","","","","29261-85463:Joe Chealey","29261-85463","PG","Joe","Joe Chealey","Chealey","null","null","3500","CHA@MIA","CHA","MIA","","","","",""
"","","","","","","","","","","","","","29261-18393:T.J. McConnell","29261-18393","PG","T.J.","T.J. McConnell","McConnell","9.100000381469727","2","3500","ORL@PHI","PHI","ORL","","","","",""
"","","","","","","","","","","","","","29261-85467:Yante Maten","29261-85467","PF","Yante","Yante Maten","Maten","null","null","3500","CHA@MIA","MIA","CHA","","","","",""
"","","","","","","","","","","","","","29261-17894:Mike Muscala","29261-17894","C","Mike","Mike Muscala","Muscala","16.78301886792453","53","3500","ORL@PHI","PHI","ORL","O","Ankle","","",""
"","","","","","","","","","","","","","29261-17384:Kyle O'Quinn","29261-17384","C","Kyle","Kyle O'Quinn","O'Quinn","8.399999618530273","2","3500","BKN@IND","IND","BKN","","","","",""
"","","","","","","","","","","","","","29261-97263:Drew Eubanks","29261-97263","PF","Drew","Drew Eubanks","Eubanks","null","null","3500","SA@POR","SA","POR","","","","",""
"","","","","","","","","","","","","","29261-9725:CJ Miles","29261-9725","SF","CJ","CJ Miles","Miles","4.599999904632568","2","3500","TOR@WAS","TOR","WAS","","","","",""
